-- Radar SC v13.4 — Fontes regionais e redes por praça
-- Cadastro ampliado de veículos regionais, rádios, TVs, portais e perfis sociais informados pelo usuário.
-- Observação: perfis de Instagram/Facebook ficam cadastrados como fontes sociais/concorrentes; o Radar não faz scraping de redes sociais.

insert into source_profiles (name, domain, instagram_handle, region, category, source_type, priority_weight, is_competitor, notes) values
('NSC Total','nsctotal.com.br','@nsctotal','SC','Portal estadual','portal',5,true,'Já cadastrado; reforço para SC e NSC TV'),
('ND Mais / NDTV','ndmais.com.br','@ndmais','SC','Portal/TV estadual','portal',5,true,'NDTV regionais: Blumenau, Oeste, Criciúma, Floripa, Itajaí, Joinville, Lages, Meio-Oeste'),
('SCC10 / SCC SBT','scc10.com.br','@sccsbt','SC','Portal/TV estadual','portal',5,true,'SCC SBT e SCC10'),
('DIARINHO','diarinho.net','@jornaldiarinho','Itajaí/Litoral Norte','Portal regional','portal',5,true,'Itajaí, Balneário Camboriú e litoral'),
('Imagem da Ilha','imagemdailha.com.br','@imagemdailha','Grande Florianópolis','Portal regional','portal',4,true,'Florianópolis e Grande Florianópolis'),
('ClicRDC','clicrdc.com.br','@clicrdc','Chapecó/Oeste','Portal regional','portal',5,true,'Chapecó/Oeste'),
('O Município','omunicipio.com.br','@omunicipiobrusque','Brusque/Vale do Itajaí','Portal regional','portal',4,true,'Brusque e Vale'),
('Olhar do Vale','olhardovale.com.br','@portalolhardovale','Brusque/Vale do Itajaí','Portal regional','portal',4,true,'Brusque e Vale do Itajaí'),
('Diário do Iguaçu','diariodoiguacu.com.br','@diariodoiguacu','Chapecó/Oeste','Portal regional','portal',4,true,'Chapecó e Oeste'),
('Portal Engeplus','engeplus.com.br','@portalengeplus','Criciúma/Sul','Portal regional','portal',5,true,'Criciúma e Sul'),
('4oito','4oito.com.br','@4oito','Criciúma/Sul','Portal/radio regional','portal',4,true,'Criciúma e Sul'),
('Portal Litoral Sul','portallitoralsul.com.br','@portallitoralsul','Sul/Litoral Sul','Portal regional','portal',4,true,'Litoral Sul'),
('Itajaí Digital','itajaidigital.com.br',null,'Itajaí/Litoral Norte','Portal regional','portal',4,true,'Itajaí Digital / notícias'),
('Notisul','notisul.com.br','@notisul','Tubarão/Sul','Portal regional','portal',4,true,'Tubarão e Sul'),
('HC Notícias','hcnoticias.com.br','@hcnoticias','Tubarão/Sul','Portal regional','portal',4,true,'Tubarão e Sul'),
('Diário do Sul','diariodosul.com.br','@diariodosul','Tubarão/Sul','Portal regional','portal',4,true,'Tubarão e Sul'),
('Notícia no Ato','noticianoato.com.br','@noticianoato','Lages/Serra','Portal regional','portal',4,true,'Lages e Serra'),
('Correio Lageano','correiolageano.com.br','@correiolageano','Lages/Serra','Portal regional','portal',4,true,'Lages e Serra'),
('Lages Online','lagesonline.com.br','@lagesonline','Lages/Serra','Portal regional','portal',4,true,'Lages e Serra'),
('O Diário','odiario.net','@odiarionet','Concórdia/Oeste','Portal regional','portal',4,true,'Concórdia e Oeste'),
('Portal Concórdia','portalconcordia.com.br','@portalconcordia','Concórdia/Oeste','Portal regional','portal',4,true,'Concórdia e Oeste'),
('Notícia Hoje','noticiahoje.com.br','@noticiahoje','Caçador/Meio-Oeste','Portal regional','portal',4,true,'Caçador e Meio-Oeste'),
('Caçador Online','cacadoronline.com.br','@cacadoronline','Caçador/Meio-Oeste','Portal regional','portal',4,true,'Caçador e Meio-Oeste'),
('Portal RBV','portalrbv.com.br','@portalrbv','Meio-Oeste','Portal regional','portal',4,true,'Meio-Oeste'),
('NSC TV Oficial','instagram.com/nsctvoficial','@nsctvoficial','SC','TV/portal estadual','social',3,true,'Fonte social cadastrada para monitoramento manual e análise de concorrência; não gera scraping automático.'),
('NSC Total','instagram.com/nsctotal','@nsctotal','SC','Portal estadual','social',3,true,'Fonte social cadastrada para monitoramento manual e análise de concorrência; não gera scraping automático.'),
('ND Mais','instagram.com/ndmais','@ndmais','SC','Portal estadual','social',3,true,'Fonte social cadastrada para monitoramento manual e análise de concorrência; não gera scraping automático.'),
('NDTV Blumenau','instagram.com/ndtvblumenau','@ndtvblumenau','Blumenau/Vale do Itajaí','TV regional','social',3,true,'Fonte social cadastrada para monitoramento manual e análise de concorrência; não gera scraping automático.'),
('TV Galega','instagram.com/tvgalega.oficial','@tvgalega.oficial','Blumenau/Vale do Itajaí','TV regional/social','social',3,true,'Fonte social cadastrada para monitoramento manual e análise de concorrência; não gera scraping automático.'),
('Rádio Menina Blumenau','instagram.com/meninafmblu','@meninafmblu','Blumenau/Vale do Itajaí','Rádio regional','social',3,true,'Fonte social cadastrada para monitoramento manual e análise de concorrência; não gera scraping automático.'),
('Massa FM Blumenau','instagram.com/massafmblumenau','@massafmblumenau','Blumenau/Vale do Itajaí','Rádio regional','social',3,true,'Fonte social cadastrada para monitoramento manual e análise de concorrência; não gera scraping automático.'),
('União FM 96.5','instagram.com/uniaofm965','@uniaofm965','Blumenau/Vale do Itajaí','Rádio regional','social',3,true,'Fonte social cadastrada para monitoramento manual e análise de concorrência; não gera scraping automático.'),
('Mesorregional','instagram.com/mesorregional','@mesorregional','Vale do Itajaí','Portal regional/social','social',3,true,'Fonte social cadastrada para monitoramento manual e análise de concorrência; não gera scraping automático.'),
('Informe BNU','instagram.com/informeblumenau','@informeblumenau','Blumenau/Vale do Itajaí','Portal regional/social','social',3,true,'Fonte social cadastrada para monitoramento manual e análise de concorrência; não gera scraping automático.'),
('Rádio Cidade Brusque','instagram.com/radiocidadebrusque','@radiocidadebrusque','Brusque/Vale do Itajaí','Rádio regional','social',3,true,'Fonte social cadastrada para monitoramento manual e análise de concorrência; não gera scraping automático.'),
('Diplomata FM','instagram.com/diplomatafm','@diplomatafm','Brusque/Vale do Itajaí','Rádio regional','social',3,true,'Fonte social cadastrada para monitoramento manual e análise de concorrência; não gera scraping automático.'),
('Araguaia Brusque','instagram.com/araguaiabq','@araguaiabq','Brusque/Vale do Itajaí','Rádio regional','social',3,true,'Fonte social cadastrada para monitoramento manual e análise de concorrência; não gera scraping automático.'),
('O Município Brusque','instagram.com/omunicipiobrusque','@omunicipiobrusque','Brusque/Vale do Itajaí','Portal regional','social',3,true,'Fonte social cadastrada para monitoramento manual e análise de concorrência; não gera scraping automático.'),
('Portal da Cidade Brusque','instagram.com/portaldacidadebrusque','@portaldacidadebrusque','Brusque/Vale do Itajaí','Portal regional/social','social',3,true,'Fonte social cadastrada para monitoramento manual e análise de concorrência; não gera scraping automático.'),
('Olhar do Vale','instagram.com/portalolhardovale','@portalolhardovale','Brusque/Vale do Itajaí','Portal regional','social',3,true,'Fonte social cadastrada para monitoramento manual e análise de concorrência; não gera scraping automático.'),
('Oeste Capital FM','instagram.com/radiooestecapitalfm','@radiooestecapitalfm','Chapecó/Oeste','Rádio regional','social',3,true,'Fonte social cadastrada para monitoramento manual e análise de concorrência; não gera scraping automático.'),
('Rádio Chapecó','instagram.com/radiochapeco','@radiochapeco','Chapecó/Oeste','Rádio regional','social',3,true,'Fonte social cadastrada para monitoramento manual e análise de concorrência; não gera scraping automático.'),
('Clube FM Chapecó','instagram.com/clubefm.chapeco','@clubefm.chapeco','Chapecó/Oeste','Rádio regional','social',3,true,'Fonte social cadastrada para monitoramento manual e análise de concorrência; não gera scraping automático.'),
('Massa FM Chapecó','instagram.com/massafmchapeco','@massafmchapeco','Chapecó/Oeste','Rádio regional','social',3,true,'Fonte social cadastrada para monitoramento manual e análise de concorrência; não gera scraping automático.'),
('ClicRDC','instagram.com/clicrdc','@clicrdc','Chapecó/Oeste','Portal regional','social',3,true,'Fonte social cadastrada para monitoramento manual e análise de concorrência; não gera scraping automático.'),
('Diário do Iguaçu','instagram.com/diariodoiguacu','@diariodoiguacu','Chapecó/Oeste','Portal regional','social',3,true,'Fonte social cadastrada para monitoramento manual e análise de concorrência; não gera scraping automático.'),
('NDTV Oeste','instagram.com/ndtvoeste','@ndtvoeste','Chapecó/Oeste','TV regional','social',3,true,'Fonte social cadastrada para monitoramento manual e análise de concorrência; não gera scraping automático.'),
('NDTV Criciúma','instagram.com/ndtvcriciuma','@ndtvcriciuma','Criciúma/Sul','TV regional','social',3,true,'Fonte social cadastrada para monitoramento manual e análise de concorrência; não gera scraping automático.'),
('Som Maior','instagram.com/radiosommaior','@radiosommaior','Criciúma/Sul','Rádio regional','social',3,true,'Fonte social cadastrada para monitoramento manual e análise de concorrência; não gera scraping automático.'),
('Rádio Eldorado Criciúma','instagram.com/radioeldoradocriciuma','@radioeldoradocriciuma','Criciúma/Sul','Rádio regional','social',3,true,'Fonte social cadastrada para monitoramento manual e análise de concorrência; não gera scraping automático.'),
('Massa FM Criciúma','instagram.com/massafmcriciuma','@massafmcriciuma','Criciúma/Sul','Rádio regional','social',3,true,'Fonte social cadastrada para monitoramento manual e análise de concorrência; não gera scraping automático.'),
('Portal Engeplus','instagram.com/portalengeplus','@portalengeplus','Criciúma/Sul','Portal regional','social',3,true,'Fonte social cadastrada para monitoramento manual e análise de concorrência; não gera scraping automático.'),
('4oito','instagram.com/4oito','@4oito','Criciúma/Sul','Portal/radio regional','social',3,true,'Fonte social cadastrada para monitoramento manual e análise de concorrência; não gera scraping automático.'),
('Portal Litoral Sul','instagram.com/portallitoralsul','@portallitoralsul','Sul/Litoral Sul','Portal regional','social',3,true,'Fonte social cadastrada para monitoramento manual e análise de concorrência; não gera scraping automático.'),
('NDTV Floripa','instagram.com/ndtvfloripa','@ndtvfloripa','Grande Florianópolis','TV regional','social',3,true,'Fonte social cadastrada para monitoramento manual e análise de concorrência; não gera scraping automático.'),
('SCC SBT','instagram.com/sccsbt','@sccsbt','SC','TV estadual','social',3,true,'Fonte social cadastrada para monitoramento manual e análise de concorrência; não gera scraping automático.'),
('Record News SC','instagram.com/recordnews_sc','@recordnews_sc','SC','TV estadual','social',3,true,'Fonte social cadastrada para monitoramento manual e análise de concorrência; não gera scraping automático.'),
('Jovem Pan News Floripa','instagram.com/jovempannewsfloripa','@jovempannewsfloripa','Grande Florianópolis','Rádio/TV news','social',3,true,'Fonte social cadastrada para monitoramento manual e análise de concorrência; não gera scraping automático.'),
('Jovem Pan Floripa','instagram.com/jovempanfloripa','@jovempanfloripa','Grande Florianópolis','Rádio regional','social',3,true,'Fonte social cadastrada para monitoramento manual e análise de concorrência; não gera scraping automático.'),
('Atlântida Floripa','instagram.com/atlantidafloripa','@atlantidafloripa','Grande Florianópolis','Rádio regional','social',3,true,'Fonte social cadastrada para monitoramento manual e análise de concorrência; não gera scraping automático.'),
('CBN Floripa','instagram.com/cbnfloripa','@cbnfloripa','Grande Florianópolis','Rádio regional','social',3,true,'Fonte social cadastrada para monitoramento manual e análise de concorrência; não gera scraping automático.'),
('Imagem da Ilha','instagram.com/imagemdailha','@imagemdailha','Grande Florianópolis','Portal regional','social',3,true,'Fonte social cadastrada para monitoramento manual e análise de concorrência; não gera scraping automático.'),
('NDTV Itajaí','instagram.com/ndtvitajai','@ndtvitajai','Itajaí/Litoral Norte','TV regional','social',3,true,'Fonte social cadastrada para monitoramento manual e análise de concorrência; não gera scraping automático.'),
('Transamérica Balneário Camboriú','instagram.com/transamericabalneariocamboriu','@transamericabalneariocamboriu','Balneário Camboriú/Litoral Norte','Rádio regional','social',3,true,'Fonte social cadastrada para monitoramento manual e análise de concorrência; não gera scraping automático.'),
('Univali FM','instagram.com/univalifm','@univalifm','Itajaí/Litoral Norte','Rádio universitária','social',3,true,'Fonte social cadastrada para monitoramento manual e análise de concorrência; não gera scraping automático.'),
('Rádio Conceição FM','instagram.com/radioconceicaofm','@radioconceicaofm','Itajaí/Litoral Norte','Rádio regional','social',3,true,'Fonte social cadastrada para monitoramento manual e análise de concorrência; não gera scraping automático.'),
('Massa FM Litoral','instagram.com/massafmlitoral','@massafmlitoral','Litoral Norte','Rádio regional','social',3,true,'Fonte social cadastrada para monitoramento manual e análise de concorrência; não gera scraping automático.'),
('DIARINHO','instagram.com/jornaldiarinho','@jornaldiarinho','Itajaí/Litoral Norte','Portal regional','social',3,true,'Fonte social cadastrada para monitoramento manual e análise de concorrência; não gera scraping automático.'),
('NDTV Joinville','instagram.com/ndtvjoinville','@ndtvjoinville','Joinville/Norte','TV regional','social',3,true,'Fonte social cadastrada para monitoramento manual e análise de concorrência; não gera scraping automático.'),
('TVBE Joinville','instagram.com/tvbejlleoficial','@tvbejlleoficial','Joinville/Norte','TV regional','social',3,true,'Fonte social cadastrada para monitoramento manual e análise de concorrência; não gera scraping automático.'),
('Jovem Pan Joinville','instagram.com/jovempanjoinville','@jovempanjoinville','Joinville/Norte','Rádio regional','social',3,true,'Fonte social cadastrada para monitoramento manual e análise de concorrência; não gera scraping automático.'),
('Rádio 89FM Joinville','instagram.com/89fmjoinville','@89fmjoinville','Joinville/Norte','Rádio regional','social',3,true,'Fonte social cadastrada para monitoramento manual e análise de concorrência; não gera scraping automático.'),
('CBN Joinville','instagram.com/cbnjoinville','@cbnjoinville','Joinville/Norte','Rádio regional','social',3,true,'Fonte social cadastrada para monitoramento manual e análise de concorrência; não gera scraping automático.'),
('Ponto Norte Joinville','instagram.com/pontonortejoinville','@pontonortejoinville','Joinville/Norte','Portal regional/social','social',3,true,'Fonte social cadastrada para monitoramento manual e análise de concorrência; não gera scraping automático.'),
('Amanda FM','instagram.com/amanda.fm','@amanda.fm','Alto Vale','Rádio regional','social',3,true,'Fonte social cadastrada para monitoramento manual e análise de concorrência; não gera scraping automático.'),
('Rádio Mirador','instagram.com/radiomiradoroficial','@radiomiradoroficial','Alto Vale','Rádio regional','social',3,true,'Fonte social cadastrada para monitoramento manual e análise de concorrência; não gera scraping automático.'),
('Unidavi FM','instagram.com/radiounidavi','@radiounidavi','Alto Vale','Rádio universitária','social',3,true,'Fonte social cadastrada para monitoramento manual e análise de concorrência; não gera scraping automático.'),
('Massa FM Rio do Sul','instagram.com/massafmriodosul','@massafmriodosul','Rio do Sul/Alto Vale','Rádio regional','social',3,true,'Fonte social cadastrada para monitoramento manual e análise de concorrência; não gera scraping automático.'),
('Diário do Alto Vale / Correio Lageano','instagram.com/correiolageano','@correiolageano','Alto Vale/Serra','Portal regional','social',3,true,'Fonte social cadastrada para monitoramento manual e análise de concorrência; não gera scraping automático.'),
('GCD Notícias / Vale Notícias','instagram.com/vale.noticias','@vale.noticias','Alto Vale','Portal regional/social','social',3,true,'Fonte social cadastrada para monitoramento manual e análise de concorrência; não gera scraping automático.'),
('UniTV','instagram.com/unitv','@unitv','Alto Vale/SC','TV universitária/regional','social',3,true,'Fonte social cadastrada para monitoramento manual e análise de concorrência; não gera scraping automático.'),
('Rádio Tubá','instagram.com/radiotuba','@radiotuba','Tubarão/Sul','Rádio regional','social',3,true,'Fonte social cadastrada para monitoramento manual e análise de concorrência; não gera scraping automático.'),
('Jovem Pan Tubarão','instagram.com/jpnewstubarao','@jpnewstubarao','Tubarão/Sul','Rádio regional','social',3,true,'Fonte social cadastrada para monitoramento manual e análise de concorrência; não gera scraping automático.'),
('Band FM Tubarão','instagram.com/bandfmtubarao','@bandfmtubarao','Tubarão/Sul','Rádio regional','social',3,true,'Fonte social cadastrada para monitoramento manual e análise de concorrência; não gera scraping automático.'),
('Notisul','instagram.com/notisul','@notisul','Tubarão/Sul','Portal regional','social',3,true,'Fonte social cadastrada para monitoramento manual e análise de concorrência; não gera scraping automático.'),
('HC Notícias','instagram.com/hcnoticias','@hcnoticias','Tubarão/Sul','Portal regional','social',3,true,'Fonte social cadastrada para monitoramento manual e análise de concorrência; não gera scraping automático.'),
('Diário do Sul','instagram.com/diariodosul','@diariodosul','Tubarão/Sul','Portal regional','social',3,true,'Fonte social cadastrada para monitoramento manual e análise de concorrência; não gera scraping automático.'),
('NDTV Lages','instagram.com/ndtvlages','@ndtvlages','Lages/Serra','TV regional','social',3,true,'Fonte social cadastrada para monitoramento manual e análise de concorrência; não gera scraping automático.'),
('Rádio Clube Lages','instagram.com/radioclubelages','@radioclubelages','Lages/Serra','Rádio regional','social',3,true,'Fonte social cadastrada para monitoramento manual e análise de concorrência; não gera scraping automático.'),
('Massa FM Lages','instagram.com/massafmlages','@massafmlages','Lages/Serra','Rádio regional','social',3,true,'Fonte social cadastrada para monitoramento manual e análise de concorrência; não gera scraping automático.'),
('Rádio Menina Lages','instagram.com/meninalages','@meninalages','Lages/Serra','Rádio regional','social',3,true,'Fonte social cadastrada para monitoramento manual e análise de concorrência; não gera scraping automático.'),
('Notícia no Ato','instagram.com/noticianoato','@noticianoato','Lages/Serra','Portal regional','social',3,true,'Fonte social cadastrada para monitoramento manual e análise de concorrência; não gera scraping automático.'),
('Lages Online','instagram.com/lagesonline','@lagesonline','Lages/Serra','Portal regional','social',3,true,'Fonte social cadastrada para monitoramento manual e análise de concorrência; não gera scraping automático.'),
('TV Concórdia','instagram.com/tvconcordia','@tvconcordia','Concórdia/Oeste','TV regional','social',3,true,'Fonte social cadastrada para monitoramento manual e análise de concorrência; não gera scraping automático.'),
('Atual FM','instagram.com/atualfm','@atualfm','Concórdia/Oeste','Rádio regional','social',3,true,'Fonte social cadastrada para monitoramento manual e análise de concorrência; não gera scraping automático.'),
('Rádio Rural Concórdia','instagram.com/radioruralconcordia','@radioruralconcordia','Concórdia/Oeste','Rádio regional','social',3,true,'Fonte social cadastrada para monitoramento manual e análise de concorrência; não gera scraping automático.'),
('Rádio Aliança','instagram.com/radio_alianca','@radio_alianca','Concórdia/Oeste','Rádio regional','social',3,true,'Fonte social cadastrada para monitoramento manual e análise de concorrência; não gera scraping automático.'),
('Massa FM Concórdia','instagram.com/massaconcordia101','@massaconcordia101','Concórdia/Oeste','Rádio regional','social',3,true,'Fonte social cadastrada para monitoramento manual e análise de concorrência; não gera scraping automático.'),
('O Diário','instagram.com/odiarionet','@odiarionet','Concórdia/Oeste','Portal regional','social',3,true,'Fonte social cadastrada para monitoramento manual e análise de concorrência; não gera scraping automático.'),
('Portal da Cidade Concórdia','instagram.com/portalconcordia','@portalconcordia','Concórdia/Oeste','Portal regional','social',3,true,'Fonte social cadastrada para monitoramento manual e análise de concorrência; não gera scraping automático.'),
('NDTV Meio-Oeste','instagram.com/ndtvmeiooeste','@ndtvmeiooeste','Meio-Oeste','TV regional','social',3,true,'Fonte social cadastrada para monitoramento manual e análise de concorrência; não gera scraping automático.'),
('Rádio Caçanjurê','instagram.com/radiocacanjure','@radiocacanjure','Caçador/Meio-Oeste','Rádio regional','social',3,true,'Fonte social cadastrada para monitoramento manual e análise de concorrência; não gera scraping automático.'),
('Rádio 92 FM Caçador','instagram.com/radio92fmcacador','@radio92fmcacador','Caçador/Meio-Oeste','Rádio regional','social',3,true,'Fonte social cadastrada para monitoramento manual e análise de concorrência; não gera scraping automático.'),
('Rádio Videira','instagram.com/radiovideira','@radiovideira','Videira/Meio-Oeste','Rádio regional','social',3,true,'Fonte social cadastrada para monitoramento manual e análise de concorrência; não gera scraping automático.'),
('Notícia Hoje','instagram.com/noticiahoje','@noticiahoje','Caçador/Meio-Oeste','Portal regional','social',3,true,'Fonte social cadastrada para monitoramento manual e análise de concorrência; não gera scraping automático.'),
('Caçador Online','instagram.com/cacadoronline','@cacadoronline','Caçador/Meio-Oeste','Portal regional','social',3,true,'Fonte social cadastrada para monitoramento manual e análise de concorrência; não gera scraping automático.'),
('Portal RBV','instagram.com/portalrbv','@portalrbv','Meio-Oeste','Portal regional','social',3,true,'Fonte social cadastrada para monitoramento manual e análise de concorrência; não gera scraping automático.')
on conflict (domain) do update set
  name = excluded.name,
  instagram_handle = excluded.instagram_handle,
  region = excluded.region,
  category = excluded.category,
  source_type = excluded.source_type,
  priority_weight = excluded.priority_weight,
  is_competitor = excluded.is_competitor,
  notes = excluded.notes;

insert into competitors (name, instagram_handle, region, category, followers_estimate, contact_commercial, priority, notes) values
('NSC TV Oficial','@nsctvoficial','SC','TV/portal estadual',null,null,3,'Cadastro regional v13.4 para radar de concorrência e fonte social.'),
('NSC Total','@nsctotal','SC','Portal estadual',null,null,3,'Cadastro regional v13.4 para radar de concorrência e fonte social.'),
('ND Mais','@ndmais','SC','Portal estadual',null,null,3,'Cadastro regional v13.4 para radar de concorrência e fonte social.'),
('NDTV Blumenau','@ndtvblumenau','Blumenau/Vale do Itajaí','TV regional',null,null,3,'Cadastro regional v13.4 para radar de concorrência e fonte social.'),
('TV Galega','@tvgalega.oficial','Blumenau/Vale do Itajaí','TV regional/social',null,null,3,'Cadastro regional v13.4 para radar de concorrência e fonte social.'),
('Rádio Menina Blumenau','@meninafmblu','Blumenau/Vale do Itajaí','Rádio regional',null,null,3,'Cadastro regional v13.4 para radar de concorrência e fonte social.'),
('Massa FM Blumenau','@massafmblumenau','Blumenau/Vale do Itajaí','Rádio regional',null,null,3,'Cadastro regional v13.4 para radar de concorrência e fonte social.'),
('União FM 96.5','@uniaofm965','Blumenau/Vale do Itajaí','Rádio regional',null,null,3,'Cadastro regional v13.4 para radar de concorrência e fonte social.'),
('Mesorregional','@mesorregional','Vale do Itajaí','Portal regional/social',null,null,3,'Cadastro regional v13.4 para radar de concorrência e fonte social.'),
('Informe BNU','@informeblumenau','Blumenau/Vale do Itajaí','Portal regional/social',null,null,3,'Cadastro regional v13.4 para radar de concorrência e fonte social.'),
('Rádio Cidade Brusque','@radiocidadebrusque','Brusque/Vale do Itajaí','Rádio regional',null,null,3,'Cadastro regional v13.4 para radar de concorrência e fonte social.'),
('Diplomata FM','@diplomatafm','Brusque/Vale do Itajaí','Rádio regional',null,null,3,'Cadastro regional v13.4 para radar de concorrência e fonte social.'),
('Araguaia Brusque','@araguaiabq','Brusque/Vale do Itajaí','Rádio regional',null,null,3,'Cadastro regional v13.4 para radar de concorrência e fonte social.'),
('O Município Brusque','@omunicipiobrusque','Brusque/Vale do Itajaí','Portal regional',null,null,3,'Cadastro regional v13.4 para radar de concorrência e fonte social.'),
('Portal da Cidade Brusque','@portaldacidadebrusque','Brusque/Vale do Itajaí','Portal regional/social',null,null,3,'Cadastro regional v13.4 para radar de concorrência e fonte social.'),
('Olhar do Vale','@portalolhardovale','Brusque/Vale do Itajaí','Portal regional',null,null,3,'Cadastro regional v13.4 para radar de concorrência e fonte social.'),
('Oeste Capital FM','@radiooestecapitalfm','Chapecó/Oeste','Rádio regional',null,null,3,'Cadastro regional v13.4 para radar de concorrência e fonte social.'),
('Rádio Chapecó','@radiochapeco','Chapecó/Oeste','Rádio regional',null,null,3,'Cadastro regional v13.4 para radar de concorrência e fonte social.'),
('Clube FM Chapecó','@clubefm.chapeco','Chapecó/Oeste','Rádio regional',null,null,3,'Cadastro regional v13.4 para radar de concorrência e fonte social.'),
('Massa FM Chapecó','@massafmchapeco','Chapecó/Oeste','Rádio regional',null,null,3,'Cadastro regional v13.4 para radar de concorrência e fonte social.'),
('ClicRDC','@clicrdc','Chapecó/Oeste','Portal regional',null,null,3,'Cadastro regional v13.4 para radar de concorrência e fonte social.'),
('Diário do Iguaçu','@diariodoiguacu','Chapecó/Oeste','Portal regional',null,null,3,'Cadastro regional v13.4 para radar de concorrência e fonte social.'),
('NDTV Oeste','@ndtvoeste','Chapecó/Oeste','TV regional',null,null,3,'Cadastro regional v13.4 para radar de concorrência e fonte social.'),
('NDTV Criciúma','@ndtvcriciuma','Criciúma/Sul','TV regional',null,null,3,'Cadastro regional v13.4 para radar de concorrência e fonte social.'),
('Som Maior','@radiosommaior','Criciúma/Sul','Rádio regional',null,null,3,'Cadastro regional v13.4 para radar de concorrência e fonte social.'),
('Rádio Eldorado Criciúma','@radioeldoradocriciuma','Criciúma/Sul','Rádio regional',null,null,3,'Cadastro regional v13.4 para radar de concorrência e fonte social.'),
('Massa FM Criciúma','@massafmcriciuma','Criciúma/Sul','Rádio regional',null,null,3,'Cadastro regional v13.4 para radar de concorrência e fonte social.'),
('Portal Engeplus','@portalengeplus','Criciúma/Sul','Portal regional',null,null,3,'Cadastro regional v13.4 para radar de concorrência e fonte social.'),
('4oito','@4oito','Criciúma/Sul','Portal/radio regional',null,null,3,'Cadastro regional v13.4 para radar de concorrência e fonte social.'),
('Portal Litoral Sul','@portallitoralsul','Sul/Litoral Sul','Portal regional',null,null,3,'Cadastro regional v13.4 para radar de concorrência e fonte social.'),
('NDTV Floripa','@ndtvfloripa','Grande Florianópolis','TV regional',null,null,3,'Cadastro regional v13.4 para radar de concorrência e fonte social.'),
('SCC SBT','@sccsbt','SC','TV estadual',null,null,3,'Cadastro regional v13.4 para radar de concorrência e fonte social.'),
('Record News SC','@recordnews_sc','SC','TV estadual',null,null,3,'Cadastro regional v13.4 para radar de concorrência e fonte social.'),
('Jovem Pan News Floripa','@jovempannewsfloripa','Grande Florianópolis','Rádio/TV news',null,null,3,'Cadastro regional v13.4 para radar de concorrência e fonte social.'),
('Jovem Pan Floripa','@jovempanfloripa','Grande Florianópolis','Rádio regional',null,null,3,'Cadastro regional v13.4 para radar de concorrência e fonte social.'),
('Atlântida Floripa','@atlantidafloripa','Grande Florianópolis','Rádio regional',null,null,3,'Cadastro regional v13.4 para radar de concorrência e fonte social.'),
('CBN Floripa','@cbnfloripa','Grande Florianópolis','Rádio regional',null,null,3,'Cadastro regional v13.4 para radar de concorrência e fonte social.'),
('Imagem da Ilha','@imagemdailha','Grande Florianópolis','Portal regional',null,null,3,'Cadastro regional v13.4 para radar de concorrência e fonte social.'),
('NDTV Itajaí','@ndtvitajai','Itajaí/Litoral Norte','TV regional',null,null,3,'Cadastro regional v13.4 para radar de concorrência e fonte social.'),
('Transamérica Balneário Camboriú','@transamericabalneariocamboriu','Balneário Camboriú/Litoral Norte','Rádio regional',null,null,3,'Cadastro regional v13.4 para radar de concorrência e fonte social.'),
('Univali FM','@univalifm','Itajaí/Litoral Norte','Rádio universitária',null,null,3,'Cadastro regional v13.4 para radar de concorrência e fonte social.'),
('Rádio Conceição FM','@radioconceicaofm','Itajaí/Litoral Norte','Rádio regional',null,null,3,'Cadastro regional v13.4 para radar de concorrência e fonte social.'),
('Massa FM Litoral','@massafmlitoral','Litoral Norte','Rádio regional',null,null,3,'Cadastro regional v13.4 para radar de concorrência e fonte social.'),
('DIARINHO','@jornaldiarinho','Itajaí/Litoral Norte','Portal regional',null,null,3,'Cadastro regional v13.4 para radar de concorrência e fonte social.'),
('NDTV Joinville','@ndtvjoinville','Joinville/Norte','TV regional',null,null,3,'Cadastro regional v13.4 para radar de concorrência e fonte social.'),
('TVBE Joinville','@tvbejlleoficial','Joinville/Norte','TV regional',null,null,3,'Cadastro regional v13.4 para radar de concorrência e fonte social.'),
('Jovem Pan Joinville','@jovempanjoinville','Joinville/Norte','Rádio regional',null,null,3,'Cadastro regional v13.4 para radar de concorrência e fonte social.'),
('Rádio 89FM Joinville','@89fmjoinville','Joinville/Norte','Rádio regional',null,null,3,'Cadastro regional v13.4 para radar de concorrência e fonte social.'),
('CBN Joinville','@cbnjoinville','Joinville/Norte','Rádio regional',null,null,3,'Cadastro regional v13.4 para radar de concorrência e fonte social.'),
('Ponto Norte Joinville','@pontonortejoinville','Joinville/Norte','Portal regional/social',null,null,3,'Cadastro regional v13.4 para radar de concorrência e fonte social.'),
('Amanda FM','@amanda.fm','Alto Vale','Rádio regional',null,null,3,'Cadastro regional v13.4 para radar de concorrência e fonte social.'),
('Rádio Mirador','@radiomiradoroficial','Alto Vale','Rádio regional',null,null,3,'Cadastro regional v13.4 para radar de concorrência e fonte social.'),
('Unidavi FM','@radiounidavi','Alto Vale','Rádio universitária',null,null,3,'Cadastro regional v13.4 para radar de concorrência e fonte social.'),
('Massa FM Rio do Sul','@massafmriodosul','Rio do Sul/Alto Vale','Rádio regional',null,null,3,'Cadastro regional v13.4 para radar de concorrência e fonte social.'),
('Diário do Alto Vale / Correio Lageano','@correiolageano','Alto Vale/Serra','Portal regional',null,null,3,'Cadastro regional v13.4 para radar de concorrência e fonte social.'),
('GCD Notícias / Vale Notícias','@vale.noticias','Alto Vale','Portal regional/social',null,null,3,'Cadastro regional v13.4 para radar de concorrência e fonte social.'),
('UniTV','@unitv','Alto Vale/SC','TV universitária/regional',null,null,3,'Cadastro regional v13.4 para radar de concorrência e fonte social.'),
('Rádio Tubá','@radiotuba','Tubarão/Sul','Rádio regional',null,null,3,'Cadastro regional v13.4 para radar de concorrência e fonte social.'),
('Jovem Pan Tubarão','@jpnewstubarao','Tubarão/Sul','Rádio regional',null,null,3,'Cadastro regional v13.4 para radar de concorrência e fonte social.'),
('Band FM Tubarão','@bandfmtubarao','Tubarão/Sul','Rádio regional',null,null,3,'Cadastro regional v13.4 para radar de concorrência e fonte social.'),
('Notisul','@notisul','Tubarão/Sul','Portal regional',null,null,3,'Cadastro regional v13.4 para radar de concorrência e fonte social.'),
('HC Notícias','@hcnoticias','Tubarão/Sul','Portal regional',null,null,3,'Cadastro regional v13.4 para radar de concorrência e fonte social.'),
('Diário do Sul','@diariodosul','Tubarão/Sul','Portal regional',null,null,3,'Cadastro regional v13.4 para radar de concorrência e fonte social.'),
('NDTV Lages','@ndtvlages','Lages/Serra','TV regional',null,null,3,'Cadastro regional v13.4 para radar de concorrência e fonte social.'),
('Rádio Clube Lages','@radioclubelages','Lages/Serra','Rádio regional',null,null,3,'Cadastro regional v13.4 para radar de concorrência e fonte social.'),
('Massa FM Lages','@massafmlages','Lages/Serra','Rádio regional',null,null,3,'Cadastro regional v13.4 para radar de concorrência e fonte social.'),
('Rádio Menina Lages','@meninalages','Lages/Serra','Rádio regional',null,null,3,'Cadastro regional v13.4 para radar de concorrência e fonte social.'),
('Notícia no Ato','@noticianoato','Lages/Serra','Portal regional',null,null,3,'Cadastro regional v13.4 para radar de concorrência e fonte social.'),
('Lages Online','@lagesonline','Lages/Serra','Portal regional',null,null,3,'Cadastro regional v13.4 para radar de concorrência e fonte social.'),
('TV Concórdia','@tvconcordia','Concórdia/Oeste','TV regional',null,null,3,'Cadastro regional v13.4 para radar de concorrência e fonte social.'),
('Atual FM','@atualfm','Concórdia/Oeste','Rádio regional',null,null,3,'Cadastro regional v13.4 para radar de concorrência e fonte social.'),
('Rádio Rural Concórdia','@radioruralconcordia','Concórdia/Oeste','Rádio regional',null,null,3,'Cadastro regional v13.4 para radar de concorrência e fonte social.'),
('Rádio Aliança','@radio_alianca','Concórdia/Oeste','Rádio regional',null,null,3,'Cadastro regional v13.4 para radar de concorrência e fonte social.'),
('Massa FM Concórdia','@massaconcordia101','Concórdia/Oeste','Rádio regional',null,null,3,'Cadastro regional v13.4 para radar de concorrência e fonte social.'),
('O Diário','@odiarionet','Concórdia/Oeste','Portal regional',null,null,3,'Cadastro regional v13.4 para radar de concorrência e fonte social.'),
('Portal da Cidade Concórdia','@portalconcordia','Concórdia/Oeste','Portal regional',null,null,3,'Cadastro regional v13.4 para radar de concorrência e fonte social.'),
('NDTV Meio-Oeste','@ndtvmeiooeste','Meio-Oeste','TV regional',null,null,3,'Cadastro regional v13.4 para radar de concorrência e fonte social.'),
('Rádio Caçanjurê','@radiocacanjure','Caçador/Meio-Oeste','Rádio regional',null,null,3,'Cadastro regional v13.4 para radar de concorrência e fonte social.'),
('Rádio 92 FM Caçador','@radio92fmcacador','Caçador/Meio-Oeste','Rádio regional',null,null,3,'Cadastro regional v13.4 para radar de concorrência e fonte social.'),
('Rádio Videira','@radiovideira','Videira/Meio-Oeste','Rádio regional',null,null,3,'Cadastro regional v13.4 para radar de concorrência e fonte social.'),
('Notícia Hoje','@noticiahoje','Caçador/Meio-Oeste','Portal regional',null,null,3,'Cadastro regional v13.4 para radar de concorrência e fonte social.'),
('Caçador Online','@cacadoronline','Caçador/Meio-Oeste','Portal regional',null,null,3,'Cadastro regional v13.4 para radar de concorrência e fonte social.'),
('Portal RBV','@portalrbv','Meio-Oeste','Portal regional',null,null,3,'Cadastro regional v13.4 para radar de concorrência e fonte social.')
on conflict (instagram_handle) do update set
  name = excluded.name,
  region = excluded.region,
  category = excluded.category,
  priority = greatest(competitors.priority, excluded.priority),
  notes = excluded.notes;

-- Evita duplicar consultas se o arquivo for rodado mais de uma vez.
delete from rss_queries where label like 'V13.4 Fonte%';

insert into rss_queries (label, query, topic, city, region, priority_weight, enabled) values
('V13.4 Fonte Blumenau Vale','(site:ndmais.com.br OR site:nsctotal.com.br OR site:omunicipio.com.br OR site:olhardovale.com.br) Blumenau OR Brusque OR Vale do Itajaí OR Santa Catarina','Radar Regional','Blumenau','Vale do Itajaí',5,true),
('V13.4 Fonte Brusque','(site:omunicipio.com.br OR site:olhardovale.com.br OR site:ndmais.com.br) Brusque OR Guabiruba OR Botuverá OR Vale do Itajaí','Radar Local','Brusque','Vale do Itajaí',5,true),
('V13.4 Fonte Chapecó Oeste','(site:clicrdc.com.br OR site:diariodoiguacu.com.br OR site:ndmais.com.br OR site:oestemais.com OR site:clickxaxim.com.br) Chapecó OR Xaxim OR Xanxerê OR Oeste Santa Catarina','Radar Oeste','Chapecó','Oeste',5,true),
('V13.4 Fonte Criciúma Sul','(site:engeplus.com.br OR site:4oito.com.br OR site:portallitoralsul.com.br OR site:ndmais.com.br) Criciúma OR Içara OR Tubarão OR Sul catarinense','Radar Sul','Criciúma','Sul',5,true),
('V13.4 Fonte Florianópolis','(site:nsctotal.com.br OR site:ndmais.com.br OR site:scc10.com.br OR site:imagemdailha.com.br) Florianópolis OR Floripa OR São José OR Palhoça OR Grande Florianópolis','Radar Grande Florianópolis','Florianópolis','Grande Florianópolis',5,true),
('V13.4 Fonte Itajaí Litoral','(site:diarinho.net OR site:itajaidigital.com.br OR site:ndmais.com.br) Itajaí OR Balneário Camboriú OR Navegantes OR Camboriú OR Litoral Norte','Radar Litoral Norte','Itajaí','Litoral Norte',5,true),
('V13.4 Fonte Joinville Norte','(site:nsctotal.com.br OR site:ndmais.com.br) Joinville OR São Francisco do Sul OR Araquari OR Norte catarinense','Radar Norte','Joinville','Norte',4,true),
('V13.4 Fonte Alto Vale','Rio do Sul OR Alto Vale OR Amanda FM OR Rádio Mirador OR Unidavi FM OR Massa FM Rio do Sul OR Vale Notícias Santa Catarina','Radar Alto Vale','Rio do Sul','Alto Vale',4,true),
('V13.4 Fonte Tubarão Sul','(site:notisul.com.br OR site:hcnoticias.com.br OR site:diariodosul.com.br) Tubarão OR Laguna OR Capivari de Baixo OR Sul Santa Catarina','Radar Sul','Tubarão','Sul',5,true),
('V13.4 Fonte Lages Serra','(site:noticianoato.com.br OR site:correiolageano.com.br OR site:lagesonline.com.br OR site:ndmais.com.br) Lages OR Serra catarinense OR São Joaquim OR Correia Pinto','Radar Serra','Lages','Serra',5,true),
('V13.4 Fonte Concórdia Oeste','(site:odiario.net OR site:portalconcordia.com.br OR site:ndmais.com.br) Concórdia OR Seara OR Arabutã OR Oeste Santa Catarina','Radar Oeste','Concórdia','Oeste',4,true),
('V13.4 Fonte Caçador Meio Oeste','(site:noticiahoje.com.br OR site:cacadoronline.com.br OR site:portalrbv.com.br OR site:ndmais.com.br) Caçador OR Videira OR Fraiburgo OR Meio-Oeste Santa Catarina','Radar Meio-Oeste','Caçador','Meio-Oeste',4,true),
('V13.4 Fonte SC TV Radio','NSC TV OR NDTV OR SCC SBT OR Record News SC OR Jovem Pan Floripa OR CBN Floripa OR Santa Catarina','TV/Rádio',null,'SC',4,true);

-- Como há mais fontes, o código v13.4 aumenta o limite de consultas carregadas pelo coletor para 140.