-- Radar SC v13.5 — Busca social assistida e fontes comunitárias
-- Cadastro de perfis de Instagram, páginas e grupos de Facebook informados pelo usuário.
-- Importante: o Radar NÃO faz scraping de Instagram/Facebook e não acessa grupos privados.
-- As redes entram como fontes de monitoramento, concorrência e busca assistida por links públicos/indexados.

insert into source_profiles (name, domain, instagram_handle, region, category, source_type, priority_weight, is_competitor, notes) values
('Blog do Jaime','instagram.com/blogdojaime_blumenau','@blogdojaime_blumenau','Blumenau/Vale do Itajaí','Blog local/social','social',4,true,'Perfil social cadastrado para monitoramento editorial manual; não faz scraping automático.'),
('Blumenau Mil Grau','instagram.com/blumilgrau','@blumilgrau','Blumenau/Vale do Itajaí','Página comunitária/humor/notícias','social',3,true,'Perfil social cadastrado para monitoramento editorial manual; não faz scraping automático.'),
('Mesorregional','instagram.com/mesorregional','@mesorregional','Blumenau/Vale do Itajaí','Página regional/notícias','social',4,true,'Perfil social cadastrado para monitoramento editorial manual; não faz scraping automático.'),
('Cristian Mohr','instagram.com/cristianmohr','@cristianmohr','Blumenau/Vale do Itajaí','Perfil público/local','social',2,true,'Perfil social cadastrado para monitoramento editorial manual; não faz scraping automático.'),
('Brusque Mil Grau','instagram.com/bqmilgrau','@bqmilgrau','Brusque/Vale do Itajaí','Página comunitária/humor/notícias','social',3,true,'Perfil social cadastrado para monitoramento editorial manual; não faz scraping automático.'),
('Brusque Zoeira','instagram.com/brusque_zoeira','@brusque_zoeira','Brusque/Vale do Itajaí','Página comunitária/humor','social',2,true,'Perfil social cadastrado para monitoramento editorial manual; não faz scraping automático.'),
('Brusque Notícias','instagram.com/brusquenoticias','@brusquenoticias','Brusque/Vale do Itajaí','Página local/notícias','social',4,true,'Perfil social cadastrado para monitoramento editorial manual; não faz scraping automático.'),
('O Município Brusque','instagram.com/omunicipiobrusque','@omunicipiobrusque','Brusque/Vale do Itajaí','Portal regional/social','social',4,true,'Perfil social cadastrado para monitoramento editorial manual; não faz scraping automático.'),
('Danilo Visconti','instagram.com/daniloviscontioficial','@daniloviscontioficial','Brusque/Vale do Itajaí','Perfil público/local','social',2,true,'Perfil social cadastrado para monitoramento editorial manual; não faz scraping automático.'),
('Cacá Tavares SC','instagram.com/cacatavaressc','@cacatavaressc','Brusque/Vale do Itajaí','Perfil público/local','social',2,true,'Perfil social cadastrado para monitoramento editorial manual; não faz scraping automático.'),
('Chapecó Online','instagram.com/chapeco.online','@chapeco.online','Chapecó/Oeste','Página local/notícias','social',4,true,'Perfil social cadastrado para monitoramento editorial manual; não faz scraping automático.'),
('De Chapecó','instagram.com/dechapeco','@dechapeco','Chapecó/Oeste','Página local/comunitária','social',3,true,'Perfil social cadastrado para monitoramento editorial manual; não faz scraping automático.'),
('Chapecó Mil Grau','instagram.com/chapecomilgrauoficial','@chapecomilgrauoficial','Chapecó/Oeste','Página comunitária/humor/notícias','social',3,true,'Perfil social cadastrado para monitoramento editorial manual; não faz scraping automático.'),
('Criciúma Mil Grau','instagram.com/criciumamilgrau_','@criciumamilgrau_','Criciúma/Sul','Página comunitária/humor/notícias','social',3,true,'Perfil social cadastrado para monitoramento editorial manual; não faz scraping automático.'),
('Carvoeiro Doente','instagram.com/carvoeirodoente','@carvoeirodoente','Criciúma/Sul','Página comunitária/esporte/cidade','social',2,true,'Perfil social cadastrado para monitoramento editorial manual; não faz scraping automático.'),
('Criciúma Notícias','instagram.com/criciumanoticias','@criciumanoticias','Criciúma/Sul','Página local/notícias','social',4,true,'Perfil social cadastrado para monitoramento editorial manual; não faz scraping automático.'),
('Elida Feltrin','instagram.com/elidafeltrin','@elidafeltrin','Criciúma/Sul','Perfil público/local','social',2,true,'Perfil social cadastrado para monitoramento editorial manual; não faz scraping automático.'),
('Floripa Mil Grau','instagram.com/floripamilgrau','@floripamilgrau','Grande Florianópolis','Página comunitária/humor/notícias','social',3,true,'Perfil social cadastrado para monitoramento editorial manual; não faz scraping automático.'),
('Floripa 24h','instagram.com/floripa24h','@floripa24h','Grande Florianópolis','Página local/notícias','social',4,true,'Perfil social cadastrado para monitoramento editorial manual; não faz scraping automático.'),
('Dona Bilica','instagram.com/donabilica','@donabilica','Grande Florianópolis','Página comunitária/humor','social',2,true,'Perfil social cadastrado para monitoramento editorial manual; não faz scraping automático.'),
('Itajaí Mil Grau','instagram.com/itaja1m1lgr4u','@itaja1m1lgr4u','Itajaí/Litoral Norte','Página comunitária/humor/notícias','social',3,true,'Perfil social cadastrado para monitoramento editorial manual; não faz scraping automático.'),
('Itajaí News','instagram.com/itajai.news','@itajai.news','Itajaí/Litoral Norte','Página local/notícias','social',4,true,'Perfil social cadastrado para monitoramento editorial manual; não faz scraping automático.'),
('Larissa Vanzuita','instagram.com/larissavanzuita','@larissavanzuita','Itajaí/Litoral Norte','Perfil público/local','social',2,true,'Perfil social cadastrado para monitoramento editorial manual; não faz scraping automático.'),
('Sandro Garcia','instagram.com/sandrogarciaofc','@sandrogarciaofc','Itajaí/Litoral Norte','Perfil público/local','social',2,true,'Perfil social cadastrado para monitoramento editorial manual; não faz scraping automático.'),
('Joinville Informações','instagram.com/joinvilleinformacoes','@joinvilleinformacoes','Joinville/Norte','Página local/notícias','social',4,true,'Perfil social cadastrado para monitoramento editorial manual; não faz scraping automático.'),
('Joinville Mil Grau','instagram.com/joinville.milgrau','@joinville.milgrau','Joinville/Norte','Página comunitária/humor/notícias','social',3,true,'Perfil social cadastrado para monitoramento editorial manual; não faz scraping automático.'),
('Aconteceu em Joinville','instagram.com/aconteceuemjoinville','@aconteceuemjoinville','Joinville/Norte','Página local/ocorrências','social',4,true,'Perfil social cadastrado para monitoramento editorial manual; não faz scraping automático.'),
('Joinville Alerta','instagram.com/joinville.alerta','@joinville.alerta','Joinville/Norte','Página local/ocorrências','social',4,true,'Perfil social cadastrado para monitoramento editorial manual; não faz scraping automático.'),
('Eeeguaaa','instagram.com/eeeguaaa','@eeeguaaa','Joinville/Norte','Página comunitária/humor','social',2,true,'Perfil social cadastrado para monitoramento editorial manual; não faz scraping automático.'),
('Larissa D Souza','instagram.com/larissadssouza_','@larissadssouza_','Joinville/Norte','Perfil público/local','social',2,true,'Perfil social cadastrado para monitoramento editorial manual; não faz scraping automático.'),
('Joinville News','instagram.com/joinvillenewsoficial','@joinvillenewsoficial','Joinville/Norte','Página local/notícias','social',4,true,'Perfil social cadastrado para monitoramento editorial manual; não faz scraping automático.'),
('Rio do Sul Mil Grau','instagram.com/riodosulmilgrau','@riodosulmilgrau','Rio do Sul/Alto Vale','Página comunitária/humor/notícias','social',3,true,'Perfil social cadastrado para monitoramento editorial manual; não faz scraping automático.'),
('Tubarão Notícias','instagram.com/tubaraonoticias','@tubaraonoticias','Tubarão/Sul','Página local/notícias','social',4,true,'Perfil social cadastrado para monitoramento editorial manual; não faz scraping automático.'),
('Francine Vieira','instagram.com/francinevieira','@francinevieira','Tubarão/Sul','Perfil público/local','social',2,true,'Perfil social cadastrado para monitoramento editorial manual; não faz scraping automático.'),
('Lages Mil Grau','instagram.com/lages_milgrau','@lages_milgrau','Lages/Serra','Página comunitária/humor/notícias','social',3,true,'Perfil social cadastrado para monitoramento editorial manual; não faz scraping automático.'),
('Biguá Tá On','instagram.com/biguataon','@biguataon','Lages/Serra','Página local/comunitária','social',3,true,'Perfil social cadastrado para monitoramento editorial manual; não faz scraping automático.'),
('Lages Online','instagram.com/lagesonline','@lagesonline','Lages/Serra','Portal/Página local','social',4,true,'Perfil social cadastrado para monitoramento editorial manual; não faz scraping automático.'),
('Amo Lages','instagram.com/amolages','@amolages','Lages/Serra','Página comunitária/cidade','social',2,true,'Perfil social cadastrado para monitoramento editorial manual; não faz scraping automático.'),
('Viver Lages','instagram.com/viverlages','@viverlages','Lages/Serra','Página comunitária/cidade','social',2,true,'Perfil social cadastrado para monitoramento editorial manual; não faz scraping automático.'),
('Calebe Costa','instagram.com/calebecostaa','@calebecostaa','Lages/Serra','Perfil público/local','social',2,true,'Perfil social cadastrado para monitoramento editorial manual; não faz scraping automático.'),
('Concórdia no Grau','instagram.com/concordianograu.oficial','@concordianograu.oficial','Concórdia/Oeste','Página comunitária/humor/notícias','social',3,true,'Perfil social cadastrado para monitoramento editorial manual; não faz scraping automático.'),
('Concórdia News','instagram.com/concordianews.sc','@concordianews.sc','Concórdia/Oeste','Página local/notícias','social',4,true,'Perfil social cadastrado para monitoramento editorial manual; não faz scraping automático.'),
('Viver Concórdia','instagram.com/viverconcordia','@viverconcordia','Concórdia/Oeste','Página comunitária/cidade','social',2,true,'Perfil social cadastrado para monitoramento editorial manual; não faz scraping automático.'),
('Amo Concórdia','instagram.com/amoconcordia','@amoconcordia','Concórdia/Oeste','Página comunitária/cidade','social',2,true,'Perfil social cadastrado para monitoramento editorial manual; não faz scraping automático.'),
('Cadu de Concórdia','instagram.com/cadudeconcordia','@cadudeconcordia','Concórdia/Oeste','Perfil público/local','social',2,true,'Perfil social cadastrado para monitoramento editorial manual; não faz scraping automático.'),
('Caçador Mil Graus','instagram.com/cacador_milgraus','@cacador_milgraus','Caçador/Meio-Oeste','Página comunitária/humor/notícias','social',3,true,'Perfil social cadastrado para monitoramento editorial manual; não faz scraping automático.'),
('Caçador Urgente','instagram.com/cacadorurgente','@cacadorurgente','Caçador/Meio-Oeste','Página local/ocorrências','social',4,true,'Perfil social cadastrado para monitoramento editorial manual; não faz scraping automático.'),
('Viver Caçador','instagram.com/vivercacador','@vivercacador','Caçador/Meio-Oeste','Página comunitária/cidade','social',2,true,'Perfil social cadastrado para monitoramento editorial manual; não faz scraping automático.'),
('Amo Caçador','instagram.com/amocacador','@amocacador','Caçador/Meio-Oeste','Página comunitária/cidade','social',2,true,'Perfil social cadastrado para monitoramento editorial manual; não faz scraping automático.'),
('Gabriel Malheiro','instagram.com/gabrielmalheiroof','@gabrielmalheiroof','Caçador/Meio-Oeste','Perfil público/local','social',2,true,'Perfil social cadastrado para monitoramento editorial manual; não faz scraping automático.'),
('Cristian Mohr Facebook','facebook.com/cristianmohr03',null,'Blumenau/Vale do Itajaí','Página Facebook/local','facebook_page',2,true,'Fonte pública/comunitária cadastrada para busca assistida; o Radar não faz scraping nem acessa conteúdo privado.'),
('Cacá do Berro Facebook','facebook.com/cacadoberro',null,'Brusque/Vale do Itajaí','Página Facebook/local','facebook_page',2,true,'Fonte pública/comunitária cadastrada para busca assistida; o Radar não faz scraping nem acessa conteúdo privado.'),
('Floripa 24h Facebook','facebook.com/Florianopolis24h',null,'Grande Florianópolis','Página Facebook/notícias','facebook_page',3,true,'Fonte pública/comunitária cadastrada para busca assistida; o Radar não faz scraping nem acessa conteúdo privado.'),
('Mesorregional Facebook','facebook.com/Mesorregional',null,'Blumenau/Vale do Itajaí','Página Facebook/notícias/trânsito','facebook_page',3,true,'Fonte pública/comunitária cadastrada para busca assistida; o Radar não faz scraping nem acessa conteúdo privado.'),
('Brusque Mil Grau Facebook','facebook.com/bqmilgrau',null,'Brusque/Vale do Itajaí','Página Facebook/humor/notícias','facebook_page',3,true,'Fonte pública/comunitária cadastrada para busca assistida; o Radar não faz scraping nem acessa conteúdo privado.'),
('O Município Brusque Facebook','facebook.com/omunicipiobrusque',null,'Brusque/Vale do Itajaí','Página Facebook/notícias','facebook_page',3,true,'Fonte pública/comunitária cadastrada para busca assistida; o Radar não faz scraping nem acessa conteúdo privado.'),
('Portal Engeplus Facebook','facebook.com/portalengeplus',null,'Criciúma/Sul','Página Facebook/notícias','facebook_page',3,true,'Fonte pública/comunitária cadastrada para busca assistida; o Radar não faz scraping nem acessa conteúdo privado.'),
('Floripa Mil Grau Grupo','facebook.com/groups/floripamilgraugrupo',null,'Grande Florianópolis','Grupo Facebook/humor/notícias','facebook_group',2,true,'Fonte pública/comunitária cadastrada para busca assistida; o Radar não faz scraping nem acessa conteúdo privado.'),
('Vale do Itajaí Notícias Grupo','facebook.com/groups/1695750343936044',null,'Itajaí/Litoral Norte','Grupo Facebook/notícias','facebook_group',2,true,'Fonte pública/comunitária cadastrada para busca assistida; o Radar não faz scraping nem acessa conteúdo privado.'),
('DIARINHO Facebook','facebook.com/jornaldiarinho',null,'Itajaí/Litoral Norte','Página Facebook/notícias','facebook_page',3,true,'Fonte pública/comunitária cadastrada para busca assistida; o Radar não faz scraping nem acessa conteúdo privado.'),
('Joinville Informações Grupo','facebook.com/groups/850943675296626',null,'Joinville/Norte','Grupo Facebook/notícias/utilidade','facebook_group',2,true,'Fonte pública/comunitária cadastrada para busca assistida; o Radar não faz scraping nem acessa conteúdo privado.'),
('Aconteceu em Joinville Grupo','facebook.com/groups/aconteceuemjoinville',null,'Joinville/Norte','Grupo Facebook/ocorrências','facebook_group',2,true,'Fonte pública/comunitária cadastrada para busca assistida; o Radar não faz scraping nem acessa conteúdo privado.'),
('Ponto Norte Joinville Grupo','facebook.com/groups/omunicipiojoinville',null,'Joinville/Norte','Grupo Facebook/notícias','facebook_group',2,true,'Fonte pública/comunitária cadastrada para busca assistida; o Radar não faz scraping nem acessa conteúdo privado.'),
('Joinville de Sempre Grupo','facebook.com/groups/joinvilledeontemjjojedesempre',null,'Joinville/Norte','Grupo Facebook/memória/cultura','facebook_group',1,true,'Fonte pública/comunitária cadastrada para busca assistida; o Radar não faz scraping nem acessa conteúdo privado.'),
('Rádio Amanda FM Facebook','facebook.com/radioamandafm',null,'Rio do Sul/Alto Vale','Página Facebook/notícias','facebook_page',3,true,'Fonte pública/comunitária cadastrada para busca assistida; o Radar não faz scraping nem acessa conteúdo privado.'),
('Rádio Mirador Facebook','facebook.com/Mirador98.5fm',null,'Rio do Sul/Alto Vale','Página Facebook/notícias/debate','facebook_page',3,true,'Fonte pública/comunitária cadastrada para busca assistida; o Radar não faz scraping nem acessa conteúdo privado.'),
('Notisul Facebook','facebook.com/notisul',null,'Tubarão/Sul','Página Facebook/notícias','facebook_page',3,true,'Fonte pública/comunitária cadastrada para busca assistida; o Radar não faz scraping nem acessa conteúdo privado.'),
('Rádio Tubá Facebook','facebook.com/radiotubatb',null,'Tubarão/Sul','Página Facebook/notícias/debate','facebook_page',3,true,'Fonte pública/comunitária cadastrada para busca assistida; o Radar não faz scraping nem acessa conteúdo privado.'),
('Lages Mil Grau Grupo','facebook.com/groups/lagesmilgrau',null,'Lages/Serra','Grupo Facebook/humor/notícias','facebook_group',2,true,'Fonte pública/comunitária cadastrada para busca assistida; o Radar não faz scraping nem acessa conteúdo privado.'),
('Lages é a minha paixão Grupo','facebook.com/groups/381175958582755',null,'Lages/Serra','Grupo Facebook/comunitário/memória','facebook_group',1,true,'Fonte pública/comunitária cadastrada para busca assistida; o Radar não faz scraping nem acessa conteúdo privado.'),
('Lages - A Capital das Aldeias Grupo','facebook.com/groups/557086807701611',null,'Lages/Serra','Grupo Facebook/notícias/interação','facebook_group',2,true,'Fonte pública/comunitária cadastrada para busca assistida; o Radar não faz scraping nem acessa conteúdo privado.'),
('Doação Lages Grupo','facebook.com/groups/doacaolages',null,'Lages/Serra','Grupo Facebook/solidariedade','facebook_group',1,true,'Fonte pública/comunitária cadastrada para busca assistida; o Radar não faz scraping nem acessa conteúdo privado.'),
('Brechó Não é da Vovó Lages Grupo','facebook.com/groups/brecholages',null,'Lages/Serra','Grupo Facebook/vendas/comunidade','facebook_group',1,true,'Fonte pública/comunitária cadastrada para busca assistida; o Radar não faz scraping nem acessa conteúdo privado.'),
('Bairro Guarujá Lages Grupo','facebook.com/groups/1574033596226283',null,'Lages/Serra','Grupo Facebook/bairro','facebook_group',1,true,'Fonte pública/comunitária cadastrada para busca assistida; o Radar não faz scraping nem acessa conteúdo privado.'),
('Moradores do Bairro Coral Grupo','facebook.com/groups/bairrocora',null,'Lages/Serra','Grupo Facebook/bairro','facebook_group',1,true,'Fonte pública/comunitária cadastrada para busca assistida; o Radar não faz scraping nem acessa conteúdo privado.'),
('Bairro Habitação Lages Grupo','facebook.com/groups/bairrohabitacao',null,'Lages/Serra','Grupo Facebook/bairro','facebook_group',1,true,'Fonte pública/comunitária cadastrada para busca assistida; o Radar não faz scraping nem acessa conteúdo privado.'),
('Moradores de Concórdia 2.0 Grupo','facebook.com/groups/658790629015157',null,'Concórdia/Oeste','Grupo Facebook/comunitário','facebook_group',1,true,'Fonte pública/comunitária cadastrada para busca assistida; o Radar não faz scraping nem acessa conteúdo privado.'),
('Concórdia Mil Grau Grupo','facebook.com/groups/concordiamilgrau',null,'Concórdia/Oeste','Grupo Facebook/humor/notícias','facebook_group',2,true,'Fonte pública/comunitária cadastrada para busca assistida; o Radar não faz scraping nem acessa conteúdo privado.'),
('Atual FM Facebook','facebook.com/atualfm',null,'Concórdia/Oeste','Página Facebook/notícias','facebook_page',3,true,'Fonte pública/comunitária cadastrada para busca assistida; o Radar não faz scraping nem acessa conteúdo privado.'),
('Rádio Rural Facebook','facebook.com/radioruralfm93.7',null,'Concórdia/Oeste','Página Facebook/notícias/agro','facebook_page',3,true,'Fonte pública/comunitária cadastrada para busca assistida; o Radar não faz scraping nem acessa conteúdo privado.'),
('Moradores Bairro Nações Concórdia Grupo','facebook.com/groups/bairronacoesconcordia',null,'Concórdia/Oeste','Grupo Facebook/bairro','facebook_group',1,true,'Fonte pública/comunitária cadastrada para busca assistida; o Radar não faz scraping nem acessa conteúdo privado.'),
('Bairro Guilherme Reich Grupo','facebook.com/groups/guilhermereich',null,'Concórdia/Oeste','Grupo Facebook/bairro','facebook_group',1,true,'Fonte pública/comunitária cadastrada para busca assistida; o Radar não faz scraping nem acessa conteúdo privado.'),
('Moradores do Bairro Imperial Grupo','facebook.com/groups/bairroimperial',null,'Concórdia/Oeste','Grupo Facebook/bairro','facebook_group',1,true,'Fonte pública/comunitária cadastrada para busca assistida; o Radar não faz scraping nem acessa conteúdo privado.'),
('Moradores de Caçador SC Grupo','facebook.com/groups/488859477800360',null,'Caçador/Meio-Oeste','Grupo Facebook/comunitário','facebook_group',1,true,'Fonte pública/comunitária cadastrada para busca assistida; o Radar não faz scraping nem acessa conteúdo privado.'),
('Caçador Antigamente Grupo','facebook.com/groups/AntigoCacador',null,'Caçador/Meio-Oeste','Grupo Facebook/memória/cultura','facebook_group',1,true,'Fonte pública/comunitária cadastrada para busca assistida; o Radar não faz scraping nem acessa conteúdo privado.'),
('Caçador Mil Grau Grupo','facebook.com/groups/61577915532060',null,'Caçador/Meio-Oeste','Grupo Facebook/humor/notícias','facebook_group',2,true,'Fonte pública/comunitária cadastrada para busca assistida; o Radar não faz scraping nem acessa conteúdo privado.'),
('Portal Notícia Hoje Facebook','facebook.com/noticiahoje',null,'Caçador/Meio-Oeste','Página Facebook/notícias','facebook_page',3,true,'Fonte pública/comunitária cadastrada para busca assistida; o Radar não faz scraping nem acessa conteúdo privado.'),
('Bairro Martello Caçador Grupo','facebook.com/groups/bairromartello',null,'Caçador/Meio-Oeste','Grupo Facebook/bairro','facebook_group',1,true,'Fonte pública/comunitária cadastrada para busca assistida; o Radar não faz scraping nem acessa conteúdo privado.'),
('Moradores do Bairro Berger Grupo','facebook.com/groups/bairroberger',null,'Caçador/Meio-Oeste','Grupo Facebook/bairro','facebook_group',1,true,'Fonte pública/comunitária cadastrada para busca assistida; o Radar não faz scraping nem acessa conteúdo privado.'),
('Amigos do Bairro Mutirão Grupo','facebook.com/groups/bairromutirao',null,'Caçador/Meio-Oeste','Grupo Facebook/bairro','facebook_group',1,true,'Fonte pública/comunitária cadastrada para busca assistida; o Radar não faz scraping nem acessa conteúdo privado.')
on conflict (domain) do update set
  name = excluded.name,
  instagram_handle = excluded.instagram_handle,
  region = excluded.region,
  category = excluded.category,
  source_type = excluded.source_type,
  priority_weight = greatest(source_profiles.priority_weight, excluded.priority_weight),
  is_competitor = excluded.is_competitor,
  notes = excluded.notes;

insert into competitors (name, instagram_handle, region, category, followers_estimate, contact_commercial, priority, notes) values
('Blog do Jaime','@blogdojaime_blumenau','Blumenau/Vale do Itajaí','Blog local/social',null,null,4,'Cadastro social v13.5 para radar de sinais em Instagram/Facebook. Não faz scraping automático.'),
('Blumenau Mil Grau','@blumilgrau','Blumenau/Vale do Itajaí','Página comunitária/humor/notícias',null,null,3,'Cadastro social v13.5 para radar de sinais em Instagram/Facebook. Não faz scraping automático.'),
('Mesorregional','@mesorregional','Blumenau/Vale do Itajaí','Página regional/notícias',null,null,4,'Cadastro social v13.5 para radar de sinais em Instagram/Facebook. Não faz scraping automático.'),
('Cristian Mohr','@cristianmohr','Blumenau/Vale do Itajaí','Perfil público/local',null,null,2,'Cadastro social v13.5 para radar de sinais em Instagram/Facebook. Não faz scraping automático.'),
('Brusque Mil Grau','@bqmilgrau','Brusque/Vale do Itajaí','Página comunitária/humor/notícias',null,null,3,'Cadastro social v13.5 para radar de sinais em Instagram/Facebook. Não faz scraping automático.'),
('Brusque Zoeira','@brusque_zoeira','Brusque/Vale do Itajaí','Página comunitária/humor',null,null,2,'Cadastro social v13.5 para radar de sinais em Instagram/Facebook. Não faz scraping automático.'),
('Brusque Notícias','@brusquenoticias','Brusque/Vale do Itajaí','Página local/notícias',null,null,4,'Cadastro social v13.5 para radar de sinais em Instagram/Facebook. Não faz scraping automático.'),
('O Município Brusque','@omunicipiobrusque','Brusque/Vale do Itajaí','Portal regional/social',null,null,4,'Cadastro social v13.5 para radar de sinais em Instagram/Facebook. Não faz scraping automático.'),
('Danilo Visconti','@daniloviscontioficial','Brusque/Vale do Itajaí','Perfil público/local',null,null,2,'Cadastro social v13.5 para radar de sinais em Instagram/Facebook. Não faz scraping automático.'),
('Cacá Tavares SC','@cacatavaressc','Brusque/Vale do Itajaí','Perfil público/local',null,null,2,'Cadastro social v13.5 para radar de sinais em Instagram/Facebook. Não faz scraping automático.'),
('Chapecó Online','@chapeco.online','Chapecó/Oeste','Página local/notícias',null,null,4,'Cadastro social v13.5 para radar de sinais em Instagram/Facebook. Não faz scraping automático.'),
('De Chapecó','@dechapeco','Chapecó/Oeste','Página local/comunitária',null,null,3,'Cadastro social v13.5 para radar de sinais em Instagram/Facebook. Não faz scraping automático.'),
('Chapecó Mil Grau','@chapecomilgrauoficial','Chapecó/Oeste','Página comunitária/humor/notícias',null,null,3,'Cadastro social v13.5 para radar de sinais em Instagram/Facebook. Não faz scraping automático.'),
('Criciúma Mil Grau','@criciumamilgrau_','Criciúma/Sul','Página comunitária/humor/notícias',null,null,3,'Cadastro social v13.5 para radar de sinais em Instagram/Facebook. Não faz scraping automático.'),
('Carvoeiro Doente','@carvoeirodoente','Criciúma/Sul','Página comunitária/esporte/cidade',null,null,2,'Cadastro social v13.5 para radar de sinais em Instagram/Facebook. Não faz scraping automático.'),
('Criciúma Notícias','@criciumanoticias','Criciúma/Sul','Página local/notícias',null,null,4,'Cadastro social v13.5 para radar de sinais em Instagram/Facebook. Não faz scraping automático.'),
('Elida Feltrin','@elidafeltrin','Criciúma/Sul','Perfil público/local',null,null,2,'Cadastro social v13.5 para radar de sinais em Instagram/Facebook. Não faz scraping automático.'),
('Floripa Mil Grau','@floripamilgrau','Grande Florianópolis','Página comunitária/humor/notícias',null,null,3,'Cadastro social v13.5 para radar de sinais em Instagram/Facebook. Não faz scraping automático.'),
('Floripa 24h','@floripa24h','Grande Florianópolis','Página local/notícias',null,null,4,'Cadastro social v13.5 para radar de sinais em Instagram/Facebook. Não faz scraping automático.'),
('Dona Bilica','@donabilica','Grande Florianópolis','Página comunitária/humor',null,null,2,'Cadastro social v13.5 para radar de sinais em Instagram/Facebook. Não faz scraping automático.'),
('Itajaí Mil Grau','@itaja1m1lgr4u','Itajaí/Litoral Norte','Página comunitária/humor/notícias',null,null,3,'Cadastro social v13.5 para radar de sinais em Instagram/Facebook. Não faz scraping automático.'),
('Itajaí News','@itajai.news','Itajaí/Litoral Norte','Página local/notícias',null,null,4,'Cadastro social v13.5 para radar de sinais em Instagram/Facebook. Não faz scraping automático.'),
('Larissa Vanzuita','@larissavanzuita','Itajaí/Litoral Norte','Perfil público/local',null,null,2,'Cadastro social v13.5 para radar de sinais em Instagram/Facebook. Não faz scraping automático.'),
('Sandro Garcia','@sandrogarciaofc','Itajaí/Litoral Norte','Perfil público/local',null,null,2,'Cadastro social v13.5 para radar de sinais em Instagram/Facebook. Não faz scraping automático.'),
('Joinville Informações','@joinvilleinformacoes','Joinville/Norte','Página local/notícias',null,null,4,'Cadastro social v13.5 para radar de sinais em Instagram/Facebook. Não faz scraping automático.'),
('Joinville Mil Grau','@joinville.milgrau','Joinville/Norte','Página comunitária/humor/notícias',null,null,3,'Cadastro social v13.5 para radar de sinais em Instagram/Facebook. Não faz scraping automático.'),
('Aconteceu em Joinville','@aconteceuemjoinville','Joinville/Norte','Página local/ocorrências',null,null,4,'Cadastro social v13.5 para radar de sinais em Instagram/Facebook. Não faz scraping automático.'),
('Joinville Alerta','@joinville.alerta','Joinville/Norte','Página local/ocorrências',null,null,4,'Cadastro social v13.5 para radar de sinais em Instagram/Facebook. Não faz scraping automático.'),
('Eeeguaaa','@eeeguaaa','Joinville/Norte','Página comunitária/humor',null,null,2,'Cadastro social v13.5 para radar de sinais em Instagram/Facebook. Não faz scraping automático.'),
('Larissa D Souza','@larissadssouza_','Joinville/Norte','Perfil público/local',null,null,2,'Cadastro social v13.5 para radar de sinais em Instagram/Facebook. Não faz scraping automático.'),
('Joinville News','@joinvillenewsoficial','Joinville/Norte','Página local/notícias',null,null,4,'Cadastro social v13.5 para radar de sinais em Instagram/Facebook. Não faz scraping automático.'),
('Rio do Sul Mil Grau','@riodosulmilgrau','Rio do Sul/Alto Vale','Página comunitária/humor/notícias',null,null,3,'Cadastro social v13.5 para radar de sinais em Instagram/Facebook. Não faz scraping automático.'),
('Tubarão Notícias','@tubaraonoticias','Tubarão/Sul','Página local/notícias',null,null,4,'Cadastro social v13.5 para radar de sinais em Instagram/Facebook. Não faz scraping automático.'),
('Francine Vieira','@francinevieira','Tubarão/Sul','Perfil público/local',null,null,2,'Cadastro social v13.5 para radar de sinais em Instagram/Facebook. Não faz scraping automático.'),
('Lages Mil Grau','@lages_milgrau','Lages/Serra','Página comunitária/humor/notícias',null,null,3,'Cadastro social v13.5 para radar de sinais em Instagram/Facebook. Não faz scraping automático.'),
('Biguá Tá On','@biguataon','Lages/Serra','Página local/comunitária',null,null,3,'Cadastro social v13.5 para radar de sinais em Instagram/Facebook. Não faz scraping automático.'),
('Lages Online','@lagesonline','Lages/Serra','Portal/Página local',null,null,4,'Cadastro social v13.5 para radar de sinais em Instagram/Facebook. Não faz scraping automático.'),
('Amo Lages','@amolages','Lages/Serra','Página comunitária/cidade',null,null,2,'Cadastro social v13.5 para radar de sinais em Instagram/Facebook. Não faz scraping automático.'),
('Viver Lages','@viverlages','Lages/Serra','Página comunitária/cidade',null,null,2,'Cadastro social v13.5 para radar de sinais em Instagram/Facebook. Não faz scraping automático.'),
('Calebe Costa','@calebecostaa','Lages/Serra','Perfil público/local',null,null,2,'Cadastro social v13.5 para radar de sinais em Instagram/Facebook. Não faz scraping automático.'),
('Concórdia no Grau','@concordianograu.oficial','Concórdia/Oeste','Página comunitária/humor/notícias',null,null,3,'Cadastro social v13.5 para radar de sinais em Instagram/Facebook. Não faz scraping automático.'),
('Concórdia News','@concordianews.sc','Concórdia/Oeste','Página local/notícias',null,null,4,'Cadastro social v13.5 para radar de sinais em Instagram/Facebook. Não faz scraping automático.'),
('Viver Concórdia','@viverconcordia','Concórdia/Oeste','Página comunitária/cidade',null,null,2,'Cadastro social v13.5 para radar de sinais em Instagram/Facebook. Não faz scraping automático.'),
('Amo Concórdia','@amoconcordia','Concórdia/Oeste','Página comunitária/cidade',null,null,2,'Cadastro social v13.5 para radar de sinais em Instagram/Facebook. Não faz scraping automático.'),
('Cadu de Concórdia','@cadudeconcordia','Concórdia/Oeste','Perfil público/local',null,null,2,'Cadastro social v13.5 para radar de sinais em Instagram/Facebook. Não faz scraping automático.'),
('Caçador Mil Graus','@cacador_milgraus','Caçador/Meio-Oeste','Página comunitária/humor/notícias',null,null,3,'Cadastro social v13.5 para radar de sinais em Instagram/Facebook. Não faz scraping automático.'),
('Caçador Urgente','@cacadorurgente','Caçador/Meio-Oeste','Página local/ocorrências',null,null,4,'Cadastro social v13.5 para radar de sinais em Instagram/Facebook. Não faz scraping automático.'),
('Viver Caçador','@vivercacador','Caçador/Meio-Oeste','Página comunitária/cidade',null,null,2,'Cadastro social v13.5 para radar de sinais em Instagram/Facebook. Não faz scraping automático.'),
('Amo Caçador','@amocacador','Caçador/Meio-Oeste','Página comunitária/cidade',null,null,2,'Cadastro social v13.5 para radar de sinais em Instagram/Facebook. Não faz scraping automático.'),
('Gabriel Malheiro','@gabrielmalheiroof','Caçador/Meio-Oeste','Perfil público/local',null,null,2,'Cadastro social v13.5 para radar de sinais em Instagram/Facebook. Não faz scraping automático.')
on conflict (instagram_handle) do update set
  name = excluded.name,
  region = excluded.region,
  category = excluded.category,
  priority = greatest(competitors.priority, excluded.priority),
  notes = excluded.notes;

-- Consultas de apoio: tentam captar repercussão pública citando essas fontes e cidades.
-- A busca automática principal continua vindo do Google News; Instagram/Facebook ficam como busca assistida na tela /social.
delete from rss_queries where label like 'V13.5 Social%';

insert into rss_queries (label, query, topic, city, region, priority_weight, enabled) values
('V13.5 Social Blumenau','"Blog do Jaime" OR "Blumenau Mil Grau" OR Mesorregional OR "Informe Blumenau" OR "Cristian Mohr" Blumenau "Santa Catarina"','Sinais sociais','Blumenau','Vale do Itajaí',4,true),
('V13.5 Social Brusque','"Brusque Mil Grau" OR "Brusque Notícias" OR "O Município Brusque" OR "Cacá Tavares" OR "Danilo Visconti" Brusque "Santa Catarina"','Sinais sociais','Brusque','Vale do Itajaí',4,true),
('V13.5 Social Chapecó','"Chapecó Online" OR "De Chapecó" OR "Chapecó Mil Grau" OR ClicRDC Chapecó "Santa Catarina"','Sinais sociais','Chapecó','Oeste',4,true),
('V13.5 Social Criciúma','"Criciúma Mil Grau" OR "Criciúma Notícias" OR "Portal Engeplus" OR "Carvoeiro Doente" Criciúma "Santa Catarina"','Sinais sociais','Criciúma','Sul',4,true),
('V13.5 Social Florianópolis','"Floripa Mil Grau" OR "Floripa 24h" OR "Dona Bilica" Florianópolis OR Floripa "Santa Catarina"','Sinais sociais','Florianópolis','Grande Florianópolis',4,true),
('V13.5 Social Itajaí','"Itajaí Mil Grau" OR "Itajaí News" OR DIARINHO OR "Vale do Itajaí Notícias" Itajaí "Santa Catarina"','Sinais sociais','Itajaí','Litoral Norte',4,true),
('V13.5 Social Joinville','"Joinville Informações" OR "Aconteceu em Joinville" OR "Joinville Alerta" OR "Joinville News" Joinville "Santa Catarina"','Sinais sociais','Joinville','Norte',4,true),
('V13.5 Social Rio do Sul','"Rio do Sul Mil Grau" OR "Rádio Amanda" OR "Rádio Mirador" OR "Alto Vale" "Santa Catarina"','Sinais sociais','Rio do Sul','Alto Vale',3,true),
('V13.5 Social Tubarão','"Tubarão Notícias" OR Notisul OR "Rádio Tubá" OR "Francine Vieira" Tubarão "Santa Catarina"','Sinais sociais','Tubarão','Sul',4,true),
('V13.5 Social Lages','"Lages Mil Grau" OR "Amo Lages" OR "Viver Lages" OR "Lages Online" Lages "Santa Catarina"','Sinais sociais','Lages','Serra',4,true),
('V13.5 Social Concórdia','"Concórdia no Grau" OR "Concórdia News" OR "Viver Concórdia" OR "Amo Concórdia" Concórdia "Santa Catarina"','Sinais sociais','Concórdia','Oeste',4,true),
('V13.5 Social Caçador','"Caçador Mil Grau" OR "Caçador Urgente" OR "Viver Caçador" OR "Amo Caçador" Caçador "Santa Catarina"','Sinais sociais','Caçador','Meio-Oeste',4,true);
